--Inserts para la Tabla `Categoria` 



INSERT INTO Categoria_Seg (CodCat, Descripcion) VALUES (1, 'Automóviles');  

INSERT INTO Categoria_Seg (CodCat, Descripcion) VALUES (2, 'Hogar'); 

INSERT INTO Categoria_Seg (CodCat, Descripcion) VALUES (3, 'Vida'); 

INSERT INTO Categoria_Seg (CodCat, Descripcion) VALUES (4, 'Salud'); 

INSERT INTO Categoria_Seg (CodCat, Descripcion) VALUES (5, 'Viajes'); 

INSERT INTO Categoria_Seg (CodCat, Descripcion) VALUES (6, 'Responsabilidad Civil'); 

INSERT INTO Categoria_Seg (CodCat, Descripcion) VALUES (7, 'Mascotas'); 

INSERT INTO Categoria_Seg (CodCat, Descripcion) VALUES (8, 'Tecnología'); 

INSERT INTO Categoria_Seg (CodCat, Descripcion) VALUES (9, 'Ahorro'); 

INSERT INTO Categoria_Seg (CodCat, Descripcion) VALUES (10, 'Educación'); 


  

--Inserts para la Tabla `Productor` 



INSERT INTO Productor (CodProd, Nombre, Telefono, Email) VALUES (1, 'Juan Pérez', '123456789', 'juan.perez@example.com'); 

INSERT INTO Productor (CodProd, Nombre, Telefono, Email) VALUES (2, 'Ana García', '987654321', 'ana.garcia@example.com'); 

INSERT INTO Productor (CodProd, Nombre, Telefono, Email) VALUES (3, 'Carlos López', '456123789', 'carlos.lopez@example.com'); 

INSERT INTO Productor (CodProd, Nombre, Telefono, Email) VALUES (4, 'María Fernández', '321654987', 'maria.fernandez@example.com'); 

INSERT INTO Productor (CodProd, Nombre, Telefono, Email) VALUES (5, 'Pedro Martínez', '654987123', 'pedro.martinez@example.com'); 

INSERT INTO Productor (CodProd, Nombre, Telefono, Email) VALUES (6, 'Lucía Sánchez', '789321654', 'lucia.sanchez@example.com'); 

INSERT INTO Productor (CodProd, Nombre, Telefono, Email) VALUES (7, 'Miguel Ramírez', '321789654', 'miguel.ramirez@example.com'); 

INSERT INTO Productor (CodProd, Nombre, Telefono, Email) VALUES (8, 'Laura Torres', '654321987', 'laura.torres@example.com'); 

INSERT INTO Productor (CodProd, Nombre, Telefono, Email) VALUES (9, 'Javier Gómez', '987123654', 'javier.gomez@example.com'); 

INSERT INTO Productor (CodProd, Nombre, Telefono, Email) VALUES (10, 'Elena Díaz', '123987456', 'elena.diaz@example.com'); 


  

--Inserts para la Tabla `Tomador` 



INSERT INTO Tomador (CodTomador, Nombre, Direccion, Telefono, Email) VALUES (1, 'Alberto González', 'Calle Falsa 123', '123456789', 'alberto.gonzalez@example.com'); 

INSERT INTO Tomador (CodTomador, Nombre, Direccion, Telefono, Email) VALUES (2, 'María Hernández', 'Avenida Siempre Viva 456', '987654321', 'maria.hernandez@example.com'); 

INSERT INTO Tomador (CodTomador, Nombre, Direccion, Telefono, Email) VALUES (3, 'Jorge Ruiz', 'Paseo de la Reforma 789', '456123789', 'jorge.ruiz@example.com'); 

INSERT INTO Tomador (CodTomador, Nombre, Direccion, Telefono, Email) VALUES (4, 'Sofía Jiménez', 'Boulevard de los Sueños 101', '321654987', 'sofia.jimenez@example.com'); 

INSERT INTO Tomador (CodTomador, Nombre, Direccion, Telefono, Email) VALUES (5, 'Ricardo Morales', 'Camino Real 202', '654987123', 'ricardo.morales@example.com'); 

INSERT INTO Tomador (CodTomador, Nombre, Direccion, Telefono, Email) VALUES (6, 'Elena Rojas', 'Callejón del Beso 303', '789321654', 'elena.rojas@example.com'); 

INSERT INTO Tomador (CodTomador, Nombre, Direccion, Telefono, Email) VALUES (7, 'Alejandro Torres', 'Carrera de la Vida 404', '321789654', 'alejandro.torres@example.com'); 

INSERT INTO Tomador (CodTomador, Nombre, Direccion, Telefono, Email) VALUES (8, 'Isabel Vargas', 'Calle de las Flores 505', '654321987', 'isabel.vargas@example.com'); 

INSERT INTO Tomador (CodTomador, Nombre, Direccion, Telefono, Email) VALUES (9, 'Daniela Pérez', 'Avenida de los Pinos 606', '987123654', 'daniela.perez@example.com'); 

INSERT INTO Tomador (CodTomador, Nombre, Direccion, Telefono, Email) VALUES (10, 'Fernando Ramírez', 'Boulevard del Sol 707', '123987456', 'fernando.ramirez@example.com'); 


  

--Inserts para la Tabla `Beneficiario` 


INSERT INTO Beneficiario (CodBenef, Nombre, Direccion, Telefono, Email) VALUES (1, 'Luis Gómez', 'Calle Falsa 123', '123456789', 'luis.gomez@example.com'); 

INSERT INTO Beneficiario (CodBenef, Nombre, Direccion, Telefono, Email) VALUES (2, 'Carmen López', 'Avenida Siempre Viva 456', '987654321', 'carmen.lopez@example.com'); 

INSERT INTO Beneficiario (CodBenef, Nombre, Direccion, Telefono, Email) VALUES (3, 'Marta Fernández', 'Paseo de la Reforma 789', '456123789', 'marta.fernandez@example.com'); 

INSERT INTO Beneficiario (CodBenef, Nombre, Direccion, Telefono, Email) VALUES (4, 'José Hernández', 'Boulevard de los Sueños 101', '321654987', 'jose.hernandez@example.com'); 

INSERT INTO Beneficiario (CodBenef, Nombre, Direccion, Telefono, Email) VALUES (5, 'Lucía Ruiz', 'Camino Real 202', '654987123', 'lucia.ruiz@example.com'); 

INSERT INTO Beneficiario (CodBenef, Nombre, Direccion, Telefono, Email) VALUES (6, 'Andrés Morales', 'Callejón del Beso 303', '789321654', 'andres.morales@example.com'); 

INSERT INTO Beneficiario (CodBenef, Nombre, Direccion, Telefono, Email) VALUES (7, 'Laura Jiménez', 'Carrera de la Vida 404', '321789654', 'laura.jimenez@example.com'); 

INSERT INTO Beneficiario (CodBenef, Nombre, Direccion, Telefono, Email) VALUES (8, 'Gabriel Vargas', 'Calle de las Flores 505', '654321987', 'gabriel.vargas@example.com'); 

INSERT INTO Beneficiario (CodBenef, Nombre, Direccion, Telefono, Email) VALUES (9, 'Ana Torres', 'Avenida de los Pinos 606', '987123654', 'ana.torres@example.com'); 

INSERT INTO Beneficiario (CodBenef, Nombre, Direccion, Telefono, Email) VALUES (10, 'Pedro Pérez', 'Boulevard del Sol 707', '123987456', 'pedro.perez@example.com'); 


  

--Inserts para la Tabla `Bien` 



INSERT INTO Bien (CodBien, Descripcion, Valor) VALUES (1, 'Automóvil Toyota', 20000); 

INSERT INTO Bien (CodBien, Descripcion, Valor) VALUES (2, 'Casa en la playa', 150000); 

INSERT INTO Bien (CodBien, Descripcion, Valor) VALUES (3, 'Laptop Dell', 1000); 

INSERT INTO Bien (CodBien, Descripcion, Valor) VALUES (4, 'Joya de diamantes', 5000); 

INSERT INTO Bien (CodBien, Descripcion, Valor) VALUES (5, 'Moto Yamaha', 7000); 

INSERT INTO Bien (CodBien, Descripcion, Valor) VALUES (6, 'Televisor Samsung', 800); 

INSERT INTO Bien (CodBien, Descripcion, Valor) VALUES (7, 'Bicicleta Trek', 500); 

INSERT INTO Bien (CodBien, Descripcion, Valor) VALUES (8, 'Cámara Canon', 1200); 

INSERT INTO Bien (CodBien, Descripcion, Valor) VALUES (9, 'Relog Rolex', 15000); 

INSERT INTO Bien (CodBien, Descripcion, Valor) VALUES (10, 'Pintura de Van Gogh', 1000000); 

  

-- Inserts para la Tabla `Poliza` 


INSERT INTO Poliza (CodPoliza, FechaEmision, CodCat, CodProd, CodTomador, Estado, FechaConfirmacion)  

VALUES (1, DATE '2023-01-01', 1, 1, 1, 'confirmada', DATE '2023-01-02'); 

INSERT INTO Poliza (CodPoliza, FechaEmision, CodCat, CodProd, CodTomador, Estado, FechaConfirmacion)  

VALUES (2, DATE '2023-02-01', 2, 2, 2, 'confirmada', DATE '2023-03-02'); 

  

INSERT INTO Poliza (CodPoliza, FechaEmision, CodCat, CodProd, CodTomador, Estado, FechaConfirmacion)  

VALUES (3, DATE '2023-03-01', 3, 3, 3, 'no confirmada', NULL); 

INSERT INTO Poliza (CodPoliza, FechaEmision, CodCat, CodProd, CodTomador, Estado, FechaConfirmacion)  

VALUES (4, DATE '2023-04-01', 4, 4, 4, 'confirmada', DATE '2023-04-02'); 

INSERT INTO Poliza (CodPoliza, FechaEmision, CodCat, CodProd, CodTomador, Estado, FechaConfirmacion)  

VALUES (5, DATE '2023-05-01', 5, 5, 5, 'no confirmada', NULL); 

INSERT INTO Poliza (CodPoliza, FechaEmision, CodCat, CodProd, CodTomador, Estado, FechaConfirmacion)  

VALUES (6, DATE '2023-06-01', 6, 6, 6, 'confirmada', DATE '2023-06-02'); 

INSERT INTO Poliza (CodPoliza, FechaEmision, CodCat, CodProd, CodTomador, Estado, FechaConfirmacion)  

VALUES (7, DATE '2023-07-01', 7, 7, 7, 'no confirmada', NULL); 

INSERT INTO Poliza (CodPoliza, FechaEmision, CodCat, CodProd, CodTomador, Estado, FechaConfirmacion)  

VALUES (8, DATE '2023-08-01', 8, 8, 8, 'confirmada', DATE '2023-08-02'); 

INSERT INTO Poliza (CodPoliza, FechaEmision, CodCat, CodProd, CodTomador, Estado, FechaConfirmacion)  

VALUES (9, DATE '2023-09-01', 9, 9, 9, 'no confirmada', NULL); 

INSERT INTO Poliza (CodPoliza, FechaEmision, CodCat, CodProd, CodTomador, Estado, FechaConfirmacion)  

VALUES (10, DATE '2023-10-01', 10, 10, 10, 'confirmada', DATE '2023-10-02'); 



--Inserts para la Tabla `Poliza_Beneficiario` 



INSERT INTO Poliza_Beneficiario (CodPoliza, CodBenef) VALUES (1, 1); 

INSERT INTO Poliza_Beneficiario (CodPoliza, CodBenef) VALUES (1, 2); 

INSERT INTO Poliza_Beneficiario (CodPoliza, CodBenef) VALUES (2, 3); 

INSERT INTO Poliza_Beneficiario (CodPoliza, CodBenef) VALUES (3, 4); 

INSERT INTO Poliza_Beneficiario (CodPoliza, CodBenef) VALUES (3, 5); 

INSERT INTO Poliza_Beneficiario (CodPoliza, CodBenef) VALUES (4, 6); 

INSERT INTO Poliza_Beneficiario (CodPoliza, CodBenef) VALUES (5, 7); 

INSERT INTO Poliza_Beneficiario (CodPoliza, CodBenef) VALUES (6, 8); 

INSERT INTO Poliza_Beneficiario (CodPoliza, CodBenef) VALUES (7, 9); 

INSERT INTO Poliza_Beneficiario (CodPoliza, CodBenef) VALUES (8, 10); 

  

--Inserts para la Tabla `Poliza_Bien` 


INSERT INTO Poliza_Bien (CodPoliza, CodBien) VALUES (1, 1); 

INSERT INTO Poliza_Bien (CodPoliza, CodBien) VALUES (2, 2); 

INSERT INTO Poliza_Bien (CodPoliza, CodBien) VALUES (3, 3); 

INSERT INTO Poliza_Bien (CodPoliza, CodBien) VALUES (3, 4); 

INSERT INTO Poliza_Bien (CodPoliza, CodBien) VALUES (4, 5); 

INSERT INTO Poliza_Bien (CodPoliza, CodBien) VALUES (5, 6); 

INSERT INTO Poliza_Bien (CodPoliza, CodBien) VALUES (6, 7); 

INSERT INTO Poliza_Bien (CodPoliza, CodBien) VALUES (7, 8); 

INSERT INTO Poliza_Bien (CodPoliza, CodBien) VALUES (8, 9); 

INSERT INTO Poliza_Bien (CodPoliza, CodBien) VALUES (9, 10); 