-- Insertar datos en la tabla BODEGA (DE A 1 A LA VEZ): 

 

INSERT INTO BODEGA (CODIGO_BODEGA, DESCRIPCION) 

VALUES (12345, 'Bodega Norton'); 

; 

 

INSERT INTO BODEGA (CODIGO_BODEGA, DESCRIPCION) 

VALUES (333435, 'Viña Cobos'); 

; 

 

INSERT INTO BODEGA (CODIGO_BODEGA, DESCRIPCION) 

VALUES (34567, 'Ruca Malen'); 

; 

 

INSERT INTO BODEGA (CODIGO_BODEGA, DESCRIPCION) 

VALUES (89012, 'Catena Zapata'); 

; 

 

INSERT INTO BODEGA (CODIGO_BODEGA, DESCRIPCION) 

VALUES (56789, 'Salentein'); 

; 

 

-- Insertar datos en la tabla CATEGORIA (DE A 1 A LA VEZ): 

 

INSERT INTO CATEGORIA (CODIGO, DESCRIPCION) 

VALUES (1, 'Tintos'); 

 

INSERT INTO CATEGORIA (CODIGO, DESCRIPCION) 

VALUES (2, 'Blancos'); 

 

INSERT INTO CATEGORIA (CODIGO, DESCRIPCION) 

VALUES (3, 'Rosados'); 

 

INSERT INTO CATEGORIA (CODIGO, DESCRIPCION) 

VALUES (4, 'Espumosos'); 

 

INSERT INTO CATEGORIA (CODIGO, DESCRIPCION) 

VALUES (5, 'Dulces'); 

 

-- Insertar datos en la tabla PROVEEDOR (DE A 1 A LA VEZ): 

 

 

INSERT INTO PROVEEDOR (CODIGO_PROV, RAZON_SOCIAL) 

VALUES (1001, 'Viñedos Los Andes'); 

 

INSERT INTO PROVEEDOR (CODIGO_PROV, RAZON_SOCIAL) 

VALUES (2002, 'Bodega Norton'); 

 

INSERT INTO PROVEEDOR (CODIGO_PROV, RAZON_SOCIAL) 

VALUES (3003, 'Ruca Malen'); 

 

INSERT INTO PROVEEDOR (CODIGO_PROV, RAZON_SOCIAL) 

VALUES (4004, 'Catena Zapata'); 

 

INSERT INTO PROVEEDOR (CODIGO_PROV, RAZON_SOCIAL) 

VALUES (5005, 'Salentein'); 

 

-- Insertar datos en la tabla CLIENTE (DE A 1 A LA VEZ): 

 

INSERT INTO CLIENTE (CODIGO_CLI, CATEGORIA, NOM_RAZON, TELEFONO, EMAIL) 

VALUES (10001, 'Minorista', 'Tienda La Esquina', '(011) 4567-8901', 'laesquina@email.com'); 

 

INSERT INTO CLIENTE (CODIGO_CLI, CATEGORIA, NOM_RAZON, TELEFONO, EMAIL) 

VALUES (20002, 'Mayorista', 'Distribuidora Los Amigos', '(011) 5555-1234', 'losamigos@email.com'); 

 

INSERT INTO CLIENTE (CODIGO_CLI, CATEGORIA, NOM_RAZON, TELEFONO, EMAIL) 

VALUES (30003, 'Minorista', 'Supermercado El Ahorro', '(011) 6666-4567', 'elahorro@email.com'); 

 

INSERT INTO CLIENTE (CODIGO_CLI, CATEGORIA, NOM_RAZON, TELEFONO, EMAIL) 

VALUES (40004, 'Mayorista', 'Importadora Vinos del Mundo', '(011) 7777-8901', 'vinosdelmundo@email.com'); 

 

INSERT INTO CLIENTE (CODIGO_CLI, CATEGORIA, NOM_RAZON, TELEFONO, EMAIL) 

VALUES (50005, 'Minorista', 'Tienda de Vinos La Cava', '(011) 8888-1234', 'lacava@email.com'); 

 

-- Insertar datos en la tabla VINO (DE A 1 A LA VEZ): 

 
INSERT INTO VINO (CODIGO_VINO, DESCRIPCION, CATEGORIA, AÑO_ELABOR, BODEGA) 

VALUES (1, 'Malbec Reserva', 'Tintos', 2018, 12345); 

 

INSERT INTO VINO (CODIGO_VINO, DESCRIPCION, CATEGORIA, AÑO_ELABOR, BODEGA) 

VALUES (2, 'Chardonnay Gran Reserva', 'Blancos', 2019, 67890); 

 

INSERT INTO VINO (CODIGO_VINO, DESCRIPCION, CATEGORIA, AÑO_ELABOR, BODEGA) 

VALUES (3, 'Rose de Malbec', 'Rosados', 2020, 34567); 

 

INSERT INTO VINO (CODIGO_VINO, DESCRIPCION, CATEGORIA, AÑO_ELABOR, BODEGA) 

VALUES (4, 'Espumante Brut Nature', 'Espumosos', 2021, 89012); 

 

INSERT INTO VINO (CODIGO_VINO, DESCRIPCION, CATEGORIA, AÑO_ELABOR, BODEGA) 

VALUES (5, 'Malbec Dulce Natural', 'Dulces', 2022, 56789); 

 

-- Insertar datos en la tabla PEDIDO (DE A 1 A LA VEZ): 

 

INSERT INTO PEDIDO (CODIGO_PEDIDO, CODIGO_VINO, CODIGO_PROV, CODIGO_CLI, FECHA, CANTIDAD, PRECIO_UNIT) 

VALUES (1, 1, 1001, 10001, TO_DATE('2024-06-15', 'YYYY-MM-DD'), 10, 150); 

 

INSERT INTO PEDIDO (CODIGO_PEDIDO, CODIGO_VINO, CODIGO_PROV, CODIGO_CLI, FECHA, CANTIDAD, PRECIO_UNIT) 

VALUES (2, 2, 2002, 20002, TO_DATE('2024-06-10', 'YYYY-MM-DD'), 12, 200); 

 

INSERT INTO PEDIDO (CODIGO_PEDIDO, CODIGO_VINO, CODIGO_PROV, CODIGO_CLI, FECHA, CANTIDAD, PRECIO_UNIT) 

VALUES (3, 3, 3003, 30003, TO_DATE('2024-06-12', 'YYYY-MM-DD'), 8, 120); 

 

INSERT INTO PEDIDO (CODIGO_PEDIDO, CODIGO_VINO, CODIGO_PROV, CODIGO_CLI, FECHA, CANTIDAD, PRECIO_UNIT) 

VALUES (4, 4, 4004, 20002, TO_DATE('2024-06-14', 'YYYY-MM-DD'), 5, 250); 

 

INSERT INTO PEDIDO (CODIGO_PEDIDO, CODIGO_VINO, CODIGO_PROV, CODIGO_CLI, FECHA, CANTIDAD, PRECIO_UNIT) 

VALUES (5, 5, 5005, 10001, TO_DATE('2024-06-13', 'YYYY-MM-DD'), 15, 180); 

 

 

-- Insertar datos en la tabla COMPRA (DE A 1 A LA VEZ): 

 

 

INSERT INTO COMPRA (CODIGO_COMPRA, CODIGO_VINO, CODIGO_CLI, FECHA, CANTIDAD, PRECIO_UNIT) 

VALUES (1, 1, 10001, TO_DATE('2024-06-15', 'YYYY-MM-DD'), 12, 160); 

 

INSERT INTO COMPRA (CODIGO_COMPRA, CODIGO_VINO, CODIGO_CLI, FECHA, CANTIDAD, PRECIO_UNIT) 

VALUES (2, 3, 20002, TO_DATE('2024-06-10', 'YYYY-MM-DD'), 8, 220); 

 

INSERT INTO COMPRA (CODIGO_COMPRA, CODIGO_VINO, CODIGO_CLI, FECHA, CANTIDAD, PRECIO_UNIT) 

VALUES (3, 5, 30003, TO_DATE('2024-06-12', 'YYYY-MM-DD'), 10, 150); 

 

INSERT INTO COMPRA (CODIGO_COMPRA, CODIGO_VINO, CODIGO_CLI, FECHA, CANTIDAD, PRECIO_UNIT) 

VALUES (4, 2, 20002, TO_DATE('2024-06-14', 'YYYY-MM-DD'), 6, 280); 

 

INSERT INTO COMPRA (CODIGO_COMPRA, CODIGO_VINO, CODIGO_CLI, FECHA, CANTIDAD, PRECIO_UNIT) 

VALUES (5, 4, 10001, TO_DATE('2024-06-13', 'YYYY-MM-DD'), 15, 190); 

 

-- Insertar datos en la tabla CATEGORIA_PROVEEDOR (DE A 1 A LA VEZ): 

 

-- Insert 1: Relating 'Viñedos Los Andes' to 'Tintos' and 'Blancos' categories 

INSERT INTO CATEGORIA_PROVEEDOR (CODIGO_PROV, CODIGO_CATEGORIA, CANTIDAD, FACTURACION, VENTAS) 

VALUES (1001, 1, 1500, '2024-06-15', 1200); 

 

INSERT INTO CATEGORIA_PROVEEDOR (CODIGO_PROV, CODIGO_CATEGORIA, CANTIDAD, FACTURACION, VENTAS) 

VALUES (1001, 2, 800, '2024-06-12', 650); 

 

-- Insert 2: Relating 'Bodega Norton' to 'Tintos' and 'Espumosos' categories 

INSERT INTO CATEGORIA_PROVEEDOR (CODIGO_PROV, CODIGO_CATEGORIA, CANTIDAD, FACTURACION, VENTAS) 

VALUES (2002, 1, 1200, '2024-06-14', 1000); 

 

INSERT INTO CATEGORIA_PROVEEDOR (CODIGO_PROV, CODIGO_CATEGORIA, CANTIDAD, FACTURACION, VENTAS) 

VALUES (2002, 4, 500, '2024-06-10', 400); 

 

-- Insert 3: Relating 'Ruca Malen' to 'Rosados' and 'Dulces' categories 

INSERT INTO CATEGORIA_PROVEEDOR (CODIGO_PROV, CODIGO_CATEGORIA, CANTIDAD, FACTURACION, VENTAS) 

VALUES (3003, 3, 700, '2024-06-13', 550); 

 

INSERT INTO CATEGORIA_PROVEEDOR (CODIGO_PROV, CODIGO_CATEGORIA, CANTIDAD, FACTURACION, VENTAS) 

VALUES (3003, 5, 300, '2024-06-11', 250); 

 

-- Insert 4: Relating 'Catena Zapata' to 'Tintos' and 'Blancos' categories 

INSERT INTO CATEGORIA_PROVEEDOR (CODIGO_PROV, CODIGO_CATEGORIA, CANTIDAD, FACTURACION, VENTAS) 

VALUES (4004, 1, 1000, '2024-06-15', 800); 

 

INSERT INTO CATEGORIA_PROVEEDOR (CODIGO_PROV, CODIGO_CATEGORIA, CANTIDAD, FACTURACION, VENTAS) 

VALUES (4004, 2, 600, '2024-06-12', 450); 

 

-- Insert 5: Relating 'Salentein' to 'Tintos' and 'Espumosos' categories 

INSERT INTO CATEGORIA_PROVEEDOR (CODIGO_PROV, CODIGO_CATEGORIA, CANTIDAD, FACTURACION, VENTAS) 

VALUES (5005, 1, 800, '2024-06-14', 650); 

 

INSERT INTO CATEGORIA_PROVEEDOR (CODIGO_PROV, CODIGO_CATEGORIA, CANTIDAD, FACTURACION, VENTAS) 

VALUES (5005, 4, 400, '2024-06-10', 300);